Occupation,Information,Income,more
Database Developer,"A security systems administrator handles all aspects of information security and protects the virtual data resources of a company. They are responsible for desktop, mobile, and network security, and are also responsible for installing, administering and troubleshooting an organization's security solutions.",25000,https://en.wikipedia.org/wiki/Network_administrator
Portal Administrator,"Business Systems Analysts are responsible for delivering projects and initiatives involving business processes, business change and technology solutions. They study the business and information requirements of an organisation and use this data to develop processes that help achieve strategic goals.",28000,https://en.wikipedia.org/wiki/Network_administrator
Systems Security Administrator,A software engineer will assess a problem and design a brand new system or improve an existing system to make it better and more efficient. Anyone with a knack for problem-solving skills and analytical brain can go for a master's degree in software systems engineering.,30000,https://en.wikipedia.org/wiki/Network_administrator
Business Systems Analyst,"Database developers ensure that database management systems (DBMS) can handle massive quantities of data. Also called database programmers, developers usually work as part of a software development team. Modifying and editing databases, designing and developing new databases, troubleshooting database issues, etc. are the roles played by them",20000,https://en.wikipedia.org/wiki/Network_administrator
Software Systems Engineer,"Business intelligence (BI) analysts transform data into insights that drive business value. They do this by mining complex data using BI software and tools, comparing data to competitors and industry trends and creating visualizations that communicate findings to others in the organization.",40000,https://en.wikipedia.org/wiki/Network_administrator
Business Intelligence Analyst,"CRM developers are programmers who specialize in systems that collect user, consumer, and subscriber data. They aren't directly responsible for using those systems to improve customer satisfaction or boost sales (although they have a hand in both).",65000,https://en.wikipedia.org/wiki/Network_administrator
CRM Technical Developer,"An app developer is a computer software engineer whose primary responsibilities include creating, testing and programming apps for computers, mobile phones, and tablets. These developers typically work in teams, and think of ideas and concepts either for the general public, or for a specific customer need.",47000,https://en.wikipedia.org/wiki/Network_administrator
Mobile Applications Developer,"UX design focuses on the interaction between real human users (like you and me) and everyday products and services, such as websites, apps, and even coffee machines. It's an extremely varied discipline, combining aspects of psychology, business, market research, design, and technology.",60000,https://en.wikipedia.org/wiki/Network_administrator
UX Designer,"Also called quality assurance auditors and quality assurance specialists, QA associates maintain the quality systems, such as laboratory control, investigation management, materials management, document control and training to ensure control of the manufacturing process.",40000,https://en.wikipedia.org/wiki/Network_administrator
Quality Assurance Associate,"Front-end web developers are responsible for how a website looks. They create the site's layout and integrate graphics, applications (such as a retail checkout tool), and other content. They also write webdesign programs in a variety of computer languages, such as HTML or JavaScript.",55000,https://en.wikipedia.org/wiki/Network_administrator
Web Developer,"A security administrator installs, administers, and troubleshoots an organization's security solutions. The security administrator will ensure the network's security, protect against unauthorized access, modification, or destruction, and troubleshoot any access problems.",57500,https://en.wikipedia.org/wiki/Network_administrator
Information Security Analyst,"Responsible for the implementation of portal edits and ensuring that the portal is current and up to date e.g. updating resources, documents etc. Work with the AE and Web Developer to create, and maintain, study highlights. Work with the AE and Web Developer to customize the portal by adding study specific pages etc.",22000,https://en.wikipedia.org/wiki/Network_administrator
CRM Business Analyst,"A security systems administrator handles all aspects of information security and protects the virtual data resources of a company. They are responsible for desktop, mobile, and network security, and are also responsible for installing, administering and troubleshooting an organization's security solutions.",25000,https://en.wikipedia.org/wiki/Network_administrator
Technical Support,"Business Systems Analysts are responsible for delivering projects and initiatives involving business processes, business change and technology solutions. They study the business and information requirements of an organisation and use this data to develop processes that help achieve strategic goals.",28000,https://en.wikipedia.org/wiki/Network_administrator
Project Manager,A software engineer will assess a problem and design a brand new system or improve an existing system to make it better and more efficient. Anyone with a knack for problem-solving skills and analytical brain can go for a master's degree in software systems engineering.,30000,https://en.wikipedia.org/wiki/Network_administrator
Information Technology Manager,"Database developers ensure that database management systems (DBMS) can handle massive quantities of data. Also called database programmers, developers usually work as part of a software development team. Modifying and editing databases, designing and developing new databases, troubleshooting database issues, etc. are the roles played by them",20000,https://en.wikipedia.org/wiki/Network_administrator
Programmer Analyst,"Business intelligence (BI) analysts transform data into insights that drive business value. They do this by mining complex data using BI software and tools, comparing data to competitors and industry trends and creating visualizations that communicate findings to others in the organization.",40000,https://en.wikipedia.org/wiki/Network_administrator
Design & UX,"CRM developers are programmers who specialize in systems that collect user, consumer, and subscriber data. They aren't directly responsible for using those systems to improve customer satisfaction or boost sales (although they have a hand in both).",65000,https://en.wikipedia.org/wiki/Network_administrator
Solutions Architect,"An app developer is a computer software engineer whose primary responsibilities include creating, testing and programming apps for computers, mobile phones, and tablets. These developers typically work in teams, and think of ideas and concepts either for the general public, or for a specific customer need.",47000,https://en.wikipedia.org/wiki/Network_administrator
Systems Analyst,"UX design focuses on the interaction between real human users (like you and me) and everyday products and services, such as websites, apps, and even coffee machines. It's an extremely varied discipline, combining aspects of psychology, business, market research, design, and technology.",60000,https://en.wikipedia.org/wiki/Network_administrator
Network Security Administrator,"Also called quality assurance auditors and quality assurance specialists, QA associates maintain the quality systems, such as laboratory control, investigation management, materials management, document control and training to ensure control of the manufacturing process.",40000,https://en.wikipedia.org/wiki/Network_administrator
Data Architect,"Front-end web developers are responsible for how a website looks. They create the site's layout and integrate graphics, applications (such as a retail checkout tool), and other content. They also write webdesign programs in a variety of computer languages, such as HTML or JavaScript.",55000,https://en.wikipedia.org/wiki/Network_administrator
Software Developer,"A security administrator installs, administers, and troubleshoots an organization's security solutions. The security administrator will ensure the network's security, protect against unauthorized access, modification, or destruction, and troubleshoot any access problems.",57500,https://en.wikipedia.org/wiki/Network_administrator
E-Commerce Analyst,"Responsible for the implementation of portal edits and ensuring that the portal is current and up to date e.g. updating resources, documents etc. Work with the AE and Web Developer to create, and maintain, study highlights. Work with the AE and Web Developer to customize the portal by adding study specific pages etc.",22000,https://en.wikipedia.org/wiki/Network_administrator
Technical Services/Help Desk/Tech Support,"A security systems administrator handles all aspects of information security and protects the virtual data resources of a company. They are responsible for desktop, mobile, and network security, and are also responsible for installing, administering and troubleshooting an organization's security solutions.",25000,https://en.wikipedia.org/wiki/Network_administrator
Information Technology Auditor,"Business Systems Analysts are responsible for delivering projects and initiatives involving business processes, business change and technology solutions. They study the business and information requirements of an organisation and use this data to develop processes that help achieve strategic goals.",28000,https://en.wikipedia.org/wiki/Network_administrator
Database Manager,A software engineer will assess a problem and design a brand new system or improve an existing system to make it better and more efficient. Anyone with a knack for problem-solving skills and analytical brain can go for a master's degree in software systems engineering.,30000,https://en.wikipedia.org/wiki/Network_administrator
Applications Developer,"Database developers ensure that database management systems (DBMS) can handle massive quantities of data. Also called database programmers, developers usually work as part of a software development team. Modifying and editing databases, designing and developing new databases, troubleshooting database issues, etc. are the roles played by them",20000,https://en.wikipedia.org/wiki/Network_administrator
Database Administrator,"Business intelligence (BI) analysts transform data into insights that drive business value. They do this by mining complex data using BI software and tools, comparing data to competitors and industry trends and creating visualizations that communicate findings to others in the organization.",40000,https://en.wikipedia.org/wiki/Network_administrator
Network Engineer,"CRM developers are programmers who specialize in systems that collect user, consumer, and subscriber data. They aren't directly responsible for using those systems to improve customer satisfaction or boost sales (although they have a hand in both).",65000,https://en.wikipedia.org/wiki/Network_administrator
Software Engineer,"An app developer is a computer software engineer whose primary responsibilities include creating, testing and programming apps for computers, mobile phones, and tablets. These developers typically work in teams, and think of ideas and concepts either for the general public, or for a specific customer need.",47000,https://en.wikipedia.org/wiki/Network_administrator
Technical Engineer,"UX design focuses on the interaction between real human users (like you and me) and everyday products and services, such as websites, apps, and even coffee machines. It's an extremely varied discipline, combining aspects of psychology, business, market research, design, and technology.",60000,https://en.wikipedia.org/wiki/Network_administrator
Network Security Engineer,"Also called quality assurance auditors and quality assurance specialists, QA associates maintain the quality systems, such as laboratory control, investigation management, materials management, document control and training to ensure control of the manufacturing process.",40000,https://en.wikipedia.org/wiki/Network_administrator
Software Quality Assurance (QA),"Front-end web developers are responsible for how a website looks. They create the site's layout and integrate graphics, applications (such as a retail checkout tool), and other content. They also write webdesign programs in a variety of computer languages, such as HTML or JavaScript.",55000,https://en.wikipedia.org/wiki/Network_administrator
